timetable_id,room_id,enrolled_count,capacity,unused_capacity,day_of_week,start_time,end_time
TT-0001,B01-R102,95.0,100.0,5.0,Friday,13:00:00,14:00:00
TT-0002,B04-R201,95.0,100.0,5.0,Wednesday,15:00:00,16:00:00
TT-0003,B04-R201,95.0,100.0,5.0,Friday,09:00:00,10:00:00
TT-0004,B02-L101,55.0,60.0,5.0,Thursday,16:00:00,18:00:00
TT-0005,B02-L101,55.0,60.0,5.0,Friday,14:00:00,16:00:00
TT-0006,B01-L203,48.0,50.0,2.0,Thursday,09:00:00,11:00:00
TT-0007,B01-L203,48.0,50.0,2.0,Wednesday,12:00:00,14:00:00
TT-0008,B03-R201,70.0,70.0,0.0,Tuesday,16:00:00,17:00:00
TT-0009,B01-R301,70.0,75.0,5.0,Thursday,11:00:00,12:00:00
TT-0010,B03-R201,70.0,70.0,0.0,Thursday,11:00:00,12:00:00
TT-0011,B03-R201,65.0,70.0,5.0,Tuesday,08:00:00,09:00:00
TT-0012,B03-R201,65.0,70.0,5.0,Saturday,09:00:00,10:00:00
TT-0013,B03-R201,65.0,70.0,5.0,Friday,10:00:00,11:00:00
TT-0014,B01-R302,38.0,40.0,2.0,Monday,14:00:00,15:00:00
TT-0015,B03-S202,38.0,40.0,2.0,Wednesday,08:00:00,09:00:00
TT-0016,B02-L202,42.0,45.0,3.0,Wednesday,16:00:00,18:00:00
TT-0017,B02-L202,42.0,45.0,3.0,Wednesday,12:00:00,14:00:00
TT-0018,B02-L203,32.0,35.0,3.0,Monday,12:00:00,14:00:00
TT-0019,B02-L203,32.0,35.0,3.0,Friday,14:00:00,16:00:00
TT-0020,B03-R101,110.0,110.0,0.0,Friday,11:00:00,12:00:00
TT-0021,B03-R101,110.0,110.0,0.0,Wednesday,10:00:00,11:00:00
TT-0022,B03-R101,110.0,110.0,0.0,Wednesday,08:00:00,09:00:00
TT-0023,B02-R201,85.0,85.0,0.0,Friday,09:00:00,10:00:00
TT-0024,B02-R201,85.0,85.0,0.0,Monday,14:00:00,15:00:00
TT-0025,B02-R201,85.0,85.0,0.0,Tuesday,10:00:00,11:00:00
TT-0026,B01-R301,75.0,75.0,0.0,Friday,16:00:00,17:00:00
TT-0027,B01-R301,75.0,75.0,0.0,Monday,15:00:00,16:00:00
TT-0028,B01-R301,75.0,75.0,0.0,Friday,08:00:00,09:00:00
TT-0029,B03-R201,55.0,70.0,15.0,Friday,15:00:00,16:00:00
TT-0030,B01-R301,55.0,75.0,20.0,Friday,15:00:00,16:00:00
TT-0031,B02-L202,45.0,45.0,0.0,Saturday,09:00:00,11:00:00
TT-0032,B02-L202,45.0,45.0,0.0,Friday,09:00:00,11:00:00
TT-0033,B02-L202,45.0,45.0,0.0,Monday,15:00:00,17:00:00
TT-0034,B02-L202,45.0,45.0,0.0,Friday,13:00:00,15:00:00
TT-0035,B01-R101,115.0,120.0,5.0,Friday,10:00:00,11:00:00
TT-0036,B01-R101,115.0,120.0,5.0,Thursday,12:00:00,13:00:00
TT-0037,B01-R101,115.0,120.0,5.0,Thursday,08:00:00,09:00:00
TT-0038,B03-R102,90.0,90.0,0.0,Tuesday,09:00:00,10:00:00
TT-0039,B03-R102,90.0,90.0,0.0,Friday,13:00:00,14:00:00
TT-0040,B03-R102,90.0,90.0,0.0,Saturday,10:00:00,11:00:00
TT-0041,B03-R201,68.0,70.0,2.0,Thursday,12:00:00,13:00:00
TT-0042,B03-R201,68.0,70.0,2.0,Thursday,15:00:00,16:00:00
TT-0043,B03-R201,68.0,70.0,2.0,Thursday,08:00:00,09:00:00
TT-0044,B01-R202,42.0,45.0,3.0,Wednesday,16:00:00,17:00:00
TT-0045,B01-R202,42.0,45.0,3.0,Tuesday,11:00:00,12:00:00
TT-0046,B04-R101,140.0,150.0,10.0,Saturday,11:00:00,12:00:00
TT-0047,B04-R101,140.0,150.0,10.0,Monday,10:00:00,11:00:00
TT-0048,B01-R201,80.0,80.0,0.0,Monday,15:00:00,16:00:00
TT-0049,B01-R201,80.0,80.0,0.0,Saturday,09:00:00,10:00:00
TT-0050,B04-AUD01,240.0,280.0,40.0,Wednesday,13:00:00,15:00:00
